ID,Lname,Fname,Name
100001,Bogey,Hyberts,"Bogey, Hyberts"
100002,Mireielle,Lindauer,"Mireielle, Lindauer"
100003,Claiborn,Schacter,"Claiborn, Schacter"
100004,Hildagard,Eberhart,"Hildagard, Eberhart"
100005,Welsh,Westerman,"Welsh, Westerman"
100006,Wrennie,Platt,"Wrennie, Platt"
100007,Barris,Reynales,"Barris, Reynales"
100008,Wendye,Cicinelli,"Wendye, Cicinelli"
100009,Ethe,Slasor,"Ethe, Slasor"
100010,Valentine,Horsley,"Valentine, Horsley"
100002,Mireielle,Lindauer,"Mireielle, Lindauer"
100006,Wrennie,Platt,"Wrennie, Platt"
